{
    "email": "아이디",
    "pw": "비번",
    "deviceUUID": "39931721082b5e5c657",
    "deviceName": "봇",
    "adminList": [""],
    "channelList": [""],
    "banWordList": ["카카오톡 프로필", "[글 공유]", "[일", "[공", "[투", "렧", "파워볼", "방이동", "이동방", "ㅂㅗ장", "방 이 동", "카지노통", "카 지 노", "야톡방", "최익현의", "초대남", "ㅊㅗ대남", "본 방 0l 동", "동핵복권방", "프리미엄주식정보", ".닷컴", "동학개미", "본 방 입 장", "주식리딩1등", "본..방", "tiktok", ".메인", "메인.", "방관리 매니저", "본방에 광고가", "무__료", "방oi동", "oi동", "광고계정이 많아", "ㅅㅂ", "ㅅ1ㅂ", "씨발", "시발", "ㅈ같", "좆", "좃", "병신", "씨부랄", "ㅄ", "ㅂㅅ", "ㅂ1ㅅ", "미친새끼", "ㅇi동", "사생활보장", "섹스", "섹1스", "스섹", "쎅스", "쎅쓰", "카카오톡 발송대행 전문업체", "발송대행 전문업체", "애미", "ㅇㅁ뒤진", "ㅇㅁ 뒤진", "ol동", "Ol동", "메인방.com", "소수만 받습니다", "아래방", "달 l", "l 력", "221.145", "1시 뱡향", "샴션", "동̤", "이̤̱", "이̤̱동̤", "|", "≡", "🌼멘토교육🌼", "🌼멘토", "방운용", "🌼정보", "오젼쟝", "보아주세요", "이볜", "방̤̱이̤̱동", "츌발", "han.gl", ".ly/", "band2.kr", "asq.kr/", "plu.sh", "vo.la", "tinyurl", "2.ly", ".cc", "bit.do", "is.gd", "lrl.kr", "cutt.us", "3.ly", "wa.gl", "an.to", "u.to", "cpln.es", "GG.G", "ko.gl", ".한국", "Me2.kR", "h8a.me", "make2021", "ps22", "iim", "7r7", "vvd", "ido.kr", "r6n", "rb.gy", "inx", "v.ht", "ogy.de", "c11.", "asq.", ".mom", "dro.", "Tiny", "Short.gy", "linktr.ee", "joojooread.technology/", ".link", "url.", "koe.kr/", ".la/", "boa.la/", "aloneme.club/", "mememe.", "style", "sesese.", "wiki", "lyli.", "youyou", "ニコ.コム", "ニコ.コム/", "あ.ml/", ".agency", ".mon", ".plus", "e.eu", ".cyou", "ddkemr.com", "t.me", ".reviews", "ant.", ".pet", ".xyz", ".health", "site", "osadaw", "seungjjin.com", "dcjoane", "sibal", ".com@", ".com!", "incheon.kr", "irtfhn.page", "rhkdwjd.pizza.!!", "krorong.com", "adbdzg.fan", "파훼법", "전̈체̈보̐기", "com/"],
    "banWordList2": ["100% 무료카톡방", "매수", "매도", "종목", "상한가", "도메인,", "급등정보 공유방", "이슈", "메인방", "입장", "주식", "정보공유방", "미리보기", "click", "Click", "open.kakao.com/o/", "m.site.naver.com", "aakhklz.com", ".ly/", ".gl/", "vo.la", "kakaopen", ".link", "openkakao", "이동", "Open", "."],
    "banNicknameList": ["방이동", "방장", "방쟝", "매니저", "먜니", "매니져", "봇", "부방", "부 방", "SOS", "sos", "댓", "지사", "PW", "MASTER", "master", " l ", "|", "{일}", "홖", "|인", "【", "부반", "븟", "Kakaο", "맨니", "안내", "안냬", "얀내", "얀냬", "정보", "졍보", "졍뵤", "정뵤", "KAKAΟ", "상위 1% AI 프로그램", "확인", "스텝", "스탭", "스턥", "스태프", "스테프", "스턔프", "반장", "king", "KING", "마스터", "마스타", "BOT", "bot", "Bot", "<", "집중", "집 중", "[일", "쪙", "전문", "Μaster", "kakaο", "B0T", "b0T", "사기", "ㅅㅏㄱㅣ", "사아기", "[긴", "*긴", "Staff", "manager", "포스트", "신규방", "긴급", "긴 급", "긴.급", "INVEST", "전문", "MN", "STAFF", "&", "트레이더", "ㅗ", "애미", "ㅇㅁ", "느그", "운영", "알림e", "※일", "병신", "No.1"],
    "bypassBanUsers": [""],
    "bypassBanUsers2": [""],
  "prefix": "."
}